{
    "confusion_matrix": [
        [
            24,
            204
        ],
        [
            31,
            259
        ]
    ],
    "accuracy": 0.5463320463320464,
    "precision": 0.5593952483801296,
    "recall": 0.8931034482758621,
    "f1_score": 0.6879150066401063
}