{
    "confusion_matrix": [
        [
            4,
            224
        ],
        [
            5,
            285
        ]
    ],
    "accuracy": 0.5579150579150579,
    "precision": 0.5599214145383105,
    "recall": 0.9827586206896551,
    "f1_score": 0.7133917396745932
}