{
    "confusion_matrix": [
        [
            41,
            187
        ],
        [
            45,
            245
        ]
    ],
    "accuracy": 0.5521235521235521,
    "precision": 0.5671296296296297,
    "recall": 0.8448275862068966,
    "f1_score": 0.6786703601108034
}