{
    "confusion_matrix": [
        [
            8,
            220
        ],
        [
            16,
            274
        ]
    ],
    "accuracy": 0.5444015444015444,
    "precision": 0.5546558704453441,
    "recall": 0.9448275862068966,
    "f1_score": 0.6989795918367347
}