{
    "confusion_matrix": [
        [
            13,
            218
        ],
        [
            4,
            283
        ]
    ],
    "accuracy": 0.5714285714285714,
    "precision": 0.564870259481038,
    "recall": 0.9860627177700348,
    "f1_score": 0.7182741116751269
}