{
    "confusion_matrix": [
        [
            54,
            177
        ],
        [
            59,
            228
        ]
    ],
    "accuracy": 0.5444015444015444,
    "precision": 0.562962962962963,
    "recall": 0.794425087108014,
    "f1_score": 0.6589595375722543
}