{
    "confusion_matrix": [
        [
            34,
            197
        ],
        [
            28,
            259
        ]
    ],
    "accuracy": 0.5656370656370656,
    "precision": 0.5679824561403509,
    "recall": 0.9024390243902439,
    "f1_score": 0.6971736204576044
}