{
    "confusion_matrix": [
        [
            50,
            181
        ],
        [
            64,
            223
        ]
    ],
    "accuracy": 0.527027027027027,
    "precision": 0.551980198019802,
    "recall": 0.7770034843205574,
    "f1_score": 0.6454413892908828
}