{
    "confusion_matrix": [
        [
            8,
            216
        ],
        [
            22,
            272
        ]
    ],
    "accuracy": 0.5405405405405406,
    "precision": 0.5573770491803278,
    "recall": 0.9251700680272109,
    "f1_score": 0.6956521739130436
}