{
    "confusion_matrix": [
        [
            37,
            187
        ],
        [
            45,
            249
        ]
    ],
    "accuracy": 0.5521235521235521,
    "precision": 0.5711009174311926,
    "recall": 0.8469387755102041,
    "f1_score": 0.6821917808219178
}