{
    "confusion_matrix": [
        [
            1,
            223
        ],
        [
            2,
            292
        ]
    ],
    "accuracy": 0.5656370656370656,
    "precision": 0.566990291262136,
    "recall": 0.9931972789115646,
    "f1_score": 0.7218788627935723
}