{
    "confusion_matrix": [
        [
            28,
            196
        ],
        [
            40,
            254
        ]
    ],
    "accuracy": 0.5444015444015444,
    "precision": 0.5644444444444444,
    "recall": 0.8639455782312925,
    "f1_score": 0.6827956989247311
}